{
  "i18n/i18n.properties": 1714792264966,
  "test/integration/pages/InvoicesObjectPage.js": 1714792264978,
  "test/integration/pages/InvoicesList.js": 1714792264974,
  "test/integration/opaTests.qunit.js": 1714792264974,
  "test/integration/FirstJourney.js": 1714792264978,
  "test/testsuite.qunit.js": 1714792264970,
  "xs-app.json": 1714792819071,
  "manifest.json": 1714792819075,
  "Component.js": 1714792264962,
  "test/integration/FirstJourney-dbg.js": 1714792264978,
  "test/integration/FirstJourney.js.map": 1714792826295,
  "test/integration/pages/InvoicesList-dbg.js": 1714792264974,
  "test/integration/pages/InvoicesList.js.map": 1714792826294,
  "test/integration/opaTests.qunit-dbg.js": 1714792264974,
  "test/integration/opaTests.qunit.js.map": 1714792826297,
  "test/integration/pages/InvoicesObjectPage-dbg.js": 1714792264978,
  "test/integration/pages/InvoicesObjectPage.js.map": 1714792826294,
  "test/testsuite.qunit-dbg.js": 1714792264970,
  "test/testsuite.qunit.js.map": 1714792826299,
  "Component-dbg.js": 1714792264962,
  "Component.js.map": 1714792826297,
  "Component-preload.js": 1714792826443,
  "Component-preload.js.map": 1714792826443,
  "test/integration/opaTests.qunit.html": 1714792264970,
  "test/testsuite.qunit.html": 1714792264970,
  "test/flpSandbox.html": 1714792264966,
  "index.html": 1714792264962
}